ID,Class
6284,T
6285,E
6286,I
6287,c
6288,i
6289,z
6290,O
6291,e
6292,R
6293,H
6294,N
6295,W
6296,h
6297,H
6298,e
6299,a
6300,A
6301,R
6302,X
6303,S
6304,y
6305,i
6306,A
6307,a
6308,P
6309,S
6310,E
6311,U
6312,n
6313,r
6314,A
6315,W
6316,e
6317,v
6318,A
6319,a
6320,L
6321,5
6322,O
6323,i
6324,W
6325,I
6326,A
6327,a
6328,B
6329,I
6330,U
6331,A
6332,i
6333,L
6334,U
6335,E
6336,i
6337,a
6338,N
6339,n
6340,a
6341,S
6342,L
6343,8
6344,O
6345,H
6346,E
6347,i
6348,A
6349,S
6350,O
6351,N
6352,q
6353,I
6354,O
6355,6
6356,O
6357,J
6358,r
6359,N
6360,d
6361,W
6362,N
6363,H
6364,X
6365,M
6366,G
6367,F
6368,H
6369,I
6370,Y
6371,K
6372,N
6373,R
6374,o
6375,F
6376,L
6377,A
6378,F
6379,9
6380,T
6381,M
6382,O
6383,E
6384,R
6385,R
6386,S
6387,R
6388,n
6389,o
6390,A
6391,e
6392,T
6393,d
6394,A
6395,P
6396,I
6397,m
6398,S
6399,A
6400,O
6401,S
6402,A
6403,E
6404,N
6405,V
6406,u
6407,m
6408,I
6409,5
6410,N
6411,C
6412,E
6413,O
6414,R
6415,R
6416,N
6417,O
6418,P
6419,N
6420,S
6421,N
6422,O
6423,N
6424,S
6425,B
6426,a
6427,4
6428,n
6429,D
6430,B
6431,3
6432,J
6433,S
6434,S
6435,h
6436,l
6437,T
6438,n
6439,O
6440,R
6441,i
6442,w
6443,N
6444,S
6445,I
6446,E
6447,A
6448,S
6449,A
6450,A
6451,L
6452,d
6453,2
6454,R
6455,a
6456,R
6457,B
6458,T
6459,T
6460,u
6461,N
6462,A
6463,A
6464,p
6465,C
6466,H
6467,c
6468,A
6469,A
6470,U
6471,H
6472,4
6473,5
6474,E
6475,N
6476,A
6477,T
6478,Q
6479,A
6480,X
6481,1
6482,T
6483,T
6484,U
6485,H
6486,A
6487,S
6488,F
6489,P
6490,C
6491,D
6492,P
6493,A
6494,V
6495,K
6496,R
6497,I
6498,H
6499,U
6500,a
6501,i
6502,O
6503,n
6504,A
6505,Y
6506,t
6507,I
6508,e
6509,E
6510,H
6511,U
6512,1
6513,l
6514,M
6515,9
6516,N
6517,S
6518,H
6519,I
6520,O
6521,e
6522,R
6523,d
6524,S
6525,L
6526,E
6527,S
6528,O
6529,t
6530,L
6531,o
6532,N
6533,e
6534,a
6535,c
6536,i
6537,R
6538,t
6539,H
6540,L
6541,O
6542,R
6543,E
6544,O
6545,h
6546,i
6547,I
6548,M
6549,T
6550,A
6551,a
6552,N
6553,O
6554,e
6555,1
6556,W
6557,O
6558,B
6559,I
6560,n
6561,R
6562,O
6563,5
6564,G
6565,E
6566,A
6567,X
6568,l
6569,S
6570,F
6571,I
6572,O
6573,N
6574,S
6575,O
6576,H
6577,O
6578,O
6579,S
6580,A
6581,X
6582,R
6583,A
6584,O
6585,T
6586,i
6587,A
6588,L
6589,S
6590,e
6591,E
6592,I
6593,L
6594,e
6595,P
6596,A
6597,O
6598,I
6599,A
6600,I
6601,O
6602,E
6603,E
6604,U
6605,S
6606,L
6607,C
6608,I
6609,T
6610,H
6611,C
6612,e
6613,A
6614,O
6615,C
6616,O
6617,p
6618,M
6619,N
6620,R
6621,I
6622,C
6623,O
6624,m
6625,n
6626,G
6627,P
6628,O
6629,E
6630,K
6631,D
6632,T
6633,V
6634,r
6635,E
6636,U
6637,L
6638,T
6639,E
6640,C
6641,T
6642,P
6643,O
6644,s
6645,E
6646,i
6647,C
6648,G
6649,u
6650,P
6651,e
6652,2
6653,O
6654,N
6655,Z
6656,T
6657,P
6658,K
6659,2
6660,c
6661,E
6662,L
6663,H
6664,e
6665,5
6666,R
6667,o
6668,A
6669,O
6670,I
6671,G
6672,d
6673,O
6674,R
6675,P
6676,5
6677,M
6678,P
6679,T
6680,L
6681,I
6682,E
6683,C
6684,A
6685,U
6686,N
6687,X
6688,R
6689,L
6690,A
6691,s
6692,T
6693,A
6694,M
6695,S
6696,I
6697,E
6698,n
6699,X
6700,a
6701,O
6702,K
6703,S
6704,D
6705,p
6706,M
6707,L
6708,I
6709,9
6710,I
6711,O
6712,h
6713,T
6714,O
6715,E
6716,A
6717,S
6718,A
6719,g
6720,v
6721,S
6722,H
6723,M
6724,n
6725,M
6726,T
6727,N
6728,E
6729,2
6730,S
6731,I
6732,T
6733,c
6734,L
6735,I
6736,O
6737,D
6738,R
6739,n
6740,E
6741,G
6742,T
6743,E
6744,A
6745,t
6746,R
6747,N
6748,a
6749,n
6750,L
6751,t
6752,t
6753,n
6754,J
6755,O
6756,0
6757,a
6758,R
6759,A
6760,T
6761,c
6762,S
6763,U
6764,u
6765,S
6766,I
6767,U
6768,U
6769,O
6770,C
6771,B
6772,W
6773,R
6774,V
6775,T
6776,A
6777,S
6778,o
6779,o
6780,C
6781,a
6782,O
6783,8
6784,T
6785,O
6786,t
6787,T
6788,G
6789,S
6790,o
6791,c
6792,N
6793,O
6794,M
6795,T
6796,L
6797,A
6798,U
6799,O
6800,R
6801,T
6802,O
6803,A
6804,A
6805,a
6806,T
6807,O
6808,C
6809,I
6810,O
6811,K
6812,V
6813,S
6814,t
6815,n
6816,A
6817,B
6818,t
6819,n
6820,A
6821,t
6822,S
6823,S
6824,2
6825,H
6826,S
6827,N
6828,N
6829,P
6830,R
6831,c
6832,E
6833,E
6834,S
6835,2
6836,E
6837,Z
6838,O
6839,t
6840,I
6841,T
6842,a
6843,E
6844,r
6845,d
6846,i
6847,o
6848,E
6849,i
6850,h
6851,O
6852,Q
6853,2
6854,E
6855,d
6856,R
6857,V
6858,N
6859,N
6860,D
6861,w
6862,G
6863,T
6864,E
6865,I
6866,E
6867,A
6868,9
6869,R
6870,E
6871,L
6872,T
6873,O
6874,3
6875,S
6876,5
6877,N
6878,L
6879,I
6880,a
6881,S
6882,O
6883,Y
6884,L
6885,4
6886,I
6887,A
6888,A
6889,E
6890,O
6891,S
6892,i
6893,T
6894,c
6895,I
6896,J
6897,N
6898,r
6899,A
6900,a
6901,V
6902,c
6903,R
6904,S
6905,C
6906,i
6907,R
6908,B
6909,4
6910,L
6911,I
6912,R
6913,I
6914,I
6915,O
6916,T
6917,e
6918,a
6919,T
6920,R
6921,V
6922,G
6923,i
6924,a
6925,B
6926,P
6927,N
6928,E
6929,S
6930,R
6931,N
6932,o
6933,A
6934,C
6935,L
6936,n
6937,R
6938,S
6939,A
6940,U
6941,L
6942,E
6943,C
6944,O
6945,C
6946,N
6947,t
6948,T
6949,i
6950,L
6951,y
6952,U
6953,D
6954,n
6955,I
6956,O
6957,A
6958,E
6959,O
6960,I
6961,E
6962,G
6963,E
6964,d
6965,A
6966,q
6967,N
6968,V
6969,T
6970,l
6971,i
6972,9
6973,L
6974,T
6975,t
6976,e
6977,R
6978,O
6979,I
6980,i
6981,U
6982,M
6983,A
6984,a
6985,D
6986,e
6987,F
6988,A
6989,F
6990,R
6991,I
6992,c
6993,j
6994,S
6995,N
6996,j
6997,a
6998,A
6999,L
7000,A
7001,A
7002,I
7003,W
7004,a
7005,2
7006,R
7007,S
7008,E
7009,I
7010,A
7011,R
7012,O
7013,g
7014,O
7015,J
7016,R
7017,e
7018,L
7019,i
7020,A
7021,M
7022,I
7023,O
7024,r
7025,w
7026,e
7027,a
7028,O
7029,S
7030,C
7031,R
7032,T
7033,e
7034,O
7035,c
7036,A
7037,E
7038,C
7039,T
7040,4
7041,E
7042,G
7043,Y
7044,E
7045,E
7046,o
7047,O
7048,n
7049,I
7050,I
7051,O
7052,i
7053,e
7054,P
7055,E
7056,t
7057,U
7058,d
7059,h
7060,l
7061,N
7062,T
7063,r
7064,N
7065,O
7066,S
7067,2
7068,n
7069,G
7070,F
7071,a
7072,7
7073,s
7074,2
7075,N
7076,A
7077,O
7078,P
7079,d
7080,I
7081,A
7082,4
7083,s
7084,P
7085,S
7086,I
7087,h
7088,I
7089,D
7090,B
7091,R
7092,r
7093,R
7094,I
7095,e
7096,a
7097,O
7098,E
7099,E
7100,T
7101,H
7102,D
7103,L
7104,8
7105,G
7106,r
7107,L
7108,O
7109,a
7110,t
7111,A
7112,Y
7113,z
7114,e
7115,F
7116,H
7117,L
7118,A
7119,S
7120,Z
7121,R
7122,n
7123,S
7124,B
7125,S
7126,H
7127,e
7128,A
7129,C
7130,A
7131,i
7132,S
7133,W
7134,N
7135,i
7136,r
7137,h
7138,L
7139,I
7140,i
7141,T
7142,W
7143,F
7144,A
7145,t
7146,i
7147,r
7148,W
7149,O
7150,T
7151,L
7152,E
7153,A
7154,H
7155,A
7156,e
7157,G
7158,g
7159,a
7160,E
7161,P
7162,a
7163,X
7164,1
7165,A
7166,L
7167,X
7168,E
7169,N
7170,e
7171,O
7172,L
7173,c
7174,N
7175,A
7176,S
7177,A
7178,A
7179,y
7180,h
7181,A
7182,H
7183,M
7184,S
7185,2
7186,A
7187,H
7188,T
7189,y
7190,H
7191,W
7192,A
7193,i
7194,S
7195,e
7196,D
7197,H
7198,K
7199,O
7200,N
7201,Z
7202,D
7203,O
7204,g
7205,e
7206,o
7207,X
7208,N
7209,H
7210,T
7211,9
7212,I
7213,H
7214,A
7215,O
7216,x
7217,l
7218,O
7219,I
7220,E
7221,A
7222,A
7223,R
7224,W
7225,L
7226,S
7227,e
7228,A
7229,O
7230,R
7231,A
7232,4
7233,R
7234,D
7235,U
7236,O
7237,S
7238,g
7239,K
7240,R
7241,L
7242,f
7243,B
7244,U
7245,N
7246,8
7247,O
7248,a
7249,D
7250,U
7251,O
7252,E
7253,S
7254,a
7255,A
7256,S
7257,a
7258,A
7259,a
7260,5
7261,E
7262,O
7263,N
7264,e
7265,D
7266,C
7267,S
7268,I
7269,a
7270,E
7271,t
7272,C
7273,R
7274,S
7275,B
7276,t
7277,Y
7278,N
7279,L
7280,Z
7281,n
7282,I
7283,T
7284,l
7285,P
7286,S
7287,P
7288,T
7289,U
7290,I
7291,E
7292,S
7293,E
7294,I
7295,O
7296,g
7297,R
7298,k
7299,A
7300,O
7301,i
7302,E
7303,O
7304,I
7305,E
7306,6
7307,D
7308,A
7309,t
7310,i
7311,E
7312,S
7313,A
7314,A
7315,h
7316,H
7317,S
7318,k
7319,e
7320,C
7321,T
7322,T
7323,G
7324,e
7325,I
7326,D
7327,9
7328,c
7329,T
7330,H
7331,R
7332,D
7333,A
7334,A
7335,P
7336,O
7337,E
7338,H
7339,2
7340,I
7341,W
7342,E
7343,E
7344,u
7345,N
7346,g
7347,O
7348,r
7349,E
7350,A
7351,e
7352,H
7353,D
7354,I
7355,T
7356,5
7357,T
7358,r
7359,2
7360,t
7361,L
7362,E
7363,4
7364,y
7365,C
7366,T
7367,I
7368,S
7369,E
7370,A
7371,i
7372,O
7373,Z
7374,H
7375,E
7376,5
7377,L
7378,7
7379,4
7380,E
7381,R
7382,S
7383,S
7384,O
7385,I
7386,O
7387,a
7388,D
7389,i
7390,S
7391,U
7392,T
7393,M
7394,S
7395,I
7396,h
7397,L
7398,O
7399,O
7400,I
7401,E
7402,e
7403,N
7404,O
7405,S
7406,B
7407,E
7408,L
7409,O
7410,B
7411,N
7412,t
7413,r
7414,3
7415,I
7416,l
7417,i
7418,A
7419,O
7420,E
7421,I
7422,C
7423,O
7424,7
7425,N
7426,E
7427,S
7428,n
7429,M
7430,l
7431,I
7432,t
7433,A
7434,e
7435,T
7436,R
7437,O
7438,o
7439,S
7440,e
7441,a
7442,A
7443,U
7444,E
7445,S
7446,P
7447,X
7448,2
7449,U
7450,B
7451,L
7452,O
7453,8
7454,S
7455,X
7456,S
7457,C
7458,H
7459,E
7460,S
7461,H
7462,E
7463,R
7464,I
7465,7
7466,e
7467,U
7468,n
7469,T
7470,G
7471,e
7472,N
7473,I
7474,P
7475,A
7476,9
7477,R
7478,5
7479,i
7480,N
7481,C
7482,a
7483,E
7484,L
7485,A
7486,t
7487,L
7488,I
7489,E
7490,P
7491,v
7492,W
7493,X
7494,i
7495,I
7496,N
7497,O
7498,e
7499,I
7500,e
7501,O
7502,P
7503,N
7504,U
7505,y
7506,O
7507,2
7508,O
7509,T
7510,X
7511,c
7512,R
7513,S
7514,U
7515,s
7516,X
7517,L
7518,E
7519,H
7520,E
7521,h
7522,E
7523,A
7524,l
7525,N
7526,T
7527,o
7528,F
7529,T
7530,2
7531,R
7532,O
7533,A
7534,e
7535,A
7536,a
7537,Z
7538,t
7539,R
7540,I
7541,U
7542,R
7543,c
7544,h
7545,D
7546,X
7547,R
7548,l
7549,e
7550,A
7551,A
7552,L
7553,O
7554,a
7555,N
7556,N
7557,N
7558,e
7559,S
7560,M
7561,C
7562,I
7563,I
7564,T
7565,E
7566,P
7567,H
7568,H
7569,D
7570,N
7571,k
7572,F
7573,a
7574,N
7575,e
7576,R
7577,I
7578,o
7579,a
7580,A
7581,H
7582,O
7583,S
7584,O
7585,n
7586,i
7587,N
7588,P
7589,W
7590,S
7591,P
7592,E
7593,T
7594,M
7595,O
7596,O
7597,R
7598,I
7599,F
7600,F
7601,i
7602,L
7603,v
7604,A
7605,N
7606,S
7607,m
7608,S
7609,R
7610,d
7611,V
7612,E
7613,D
7614,I
7615,r
7616,A
7617,E
7618,i
7619,G
7620,Y
7621,M
7622,1
7623,e
7624,A
7625,e
7626,M
7627,O
7628,R
7629,e
7630,h
7631,c
7632,f
7633,A
7634,K
7635,e
7636,X
7637,P
7638,O
7639,B
7640,S
7641,E
7642,i
7643,l
7644,a
7645,K
7646,t
7647,P
7648,A
7649,o
7650,N
7651,R
7652,I
7653,A
7654,D
7655,6
7656,L
7657,E
7658,A
7659,r
7660,d
7661,T
7662,R
7663,A
7664,V
7665,L
7666,e
7667,E
7668,g
7669,f
7670,K
7671,6
7672,G
7673,X
7674,V
7675,T
7676,P
7677,D
7678,o
7679,J
7680,T
7681,A
7682,a
7683,S
7684,a
7685,u
7686,s
7687,B
7688,E
7689,O
7690,u
7691,l
7692,N
7693,C
7694,S
7695,Y
7696,H
7697,M
7698,P
7699,A
7700,9
7701,s
7702,N
7703,P
7704,F
7705,R
7706,E
7707,R
7708,T
7709,S
7710,O
7711,E
7712,F
7713,e
7714,A
7715,G
7716,2
7717,M
7718,n
7719,T
7720,T
7721,S
7722,S
7723,P
7724,a
7725,S
7726,t
7727,S
7728,N
7729,S
7730,D
7731,i
7732,N
7733,E
7734,O
7735,N
7736,n
7737,5
7738,R
7739,G
7740,O
7741,O
7742,A
7743,c
7744,I
7745,n
7746,R
7747,c
7748,h
7749,N
7750,T
7751,M
7752,C
7753,T
7754,E
7755,u
7756,R
7757,n
7758,e
7759,A
7760,g
7761,i
7762,S
7763,E
7764,W
7765,l
7766,R
7767,b
7768,5
7769,A
7770,N
7771,I
7772,R
7773,S
7774,R
7775,S
7776,A
7777,h
7778,E
7779,o
7780,I
7781,A
7782,r
7783,n
7784,I
7785,R
7786,C
7787,V
7788,S
7789,O
7790,e
7791,5
7792,A
7793,t
7794,N
7795,A
7796,E
7797,N
7798,e
7799,O
7800,5
7801,t
7802,I
7803,H
7804,A
7805,I
7806,M
7807,V
7808,O
7809,U
7810,K
7811,O
7812,3
7813,C
7814,r
7815,m
7816,I
7817,E
7818,D
7819,u
7820,t
7821,F
7822,e
7823,r
7824,K
7825,a
7826,H
7827,r
7828,E
7829,P
7830,i
7831,P
7832,X
7833,5
7834,D
7835,H
7836,A
7837,R
7838,8
7839,S
7840,Y
7841,E
7842,I
7843,I
7844,K
7845,E
7846,E
7847,l
7848,S
7849,W
7850,r
7851,R
7852,A
7853,M
7854,F
7855,i
7856,1
7857,u
7858,D
7859,e
7860,L
7861,5
7862,t
7863,U
7864,R
7865,J
7866,N
7867,K
7868,O
7869,B
7870,G
7871,E
7872,G
7873,L
7874,A
7875,h
7876,E
7877,B
7878,J
7879,N
7880,E
7881,I
7882,I
7883,C
7884,2
7885,G
7886,R
7887,I
7888,A
7889,J
7890,A
7891,n
7892,E
7893,I
7894,S
7895,N
7896,I
7897,R
7898,G
7899,E
7900,e
7901,e
7902,F
7903,S
7904,N
7905,T
7906,O
7907,Y
7908,e
7909,O
7910,A
7911,K
7912,2
7913,D
7914,d
7915,C
7916,R
7917,K
7918,N
7919,l
7920,v
7921,J
7922,E
7923,H
7924,e
7925,S
7926,P
7927,Y
7928,i
7929,r
7930,I
7931,d
7932,M
7933,H
7934,T
7935,S
7936,E
7937,Y
7938,N
7939,I
7940,T
7941,f
7942,H
7943,D
7944,I
7945,E
7946,I
7947,E
7948,R
7949,C
7950,Z
7951,L
7952,A
7953,A
7954,I
7955,E
7956,I
7957,T
7958,a
7959,F
7960,i
7961,E
7962,a
7963,W
7964,C
7965,O
7966,I
7967,E
7968,S
7969,m
7970,S
7971,N
7972,R
7973,P
7974,i
7975,P
7976,A
7977,K
7978,e
7979,T
7980,E
7981,I
7982,e
7983,i
7984,J
7985,L
7986,r
7987,N
7988,e
7989,D
7990,T
7991,S
7992,U
7993,e
7994,C
7995,n
7996,O
7997,R
7998,D
7999,D
8000,N
8001,O
8002,S
8003,S
8004,i
8005,T
8006,J
8007,I
8008,m
8009,A
8010,I
8011,A
8012,6
8013,R
8014,I
8015,E
8016,L
8017,c
8018,t
8019,n
8020,q
8021,A
8022,J
8023,U
8024,H
8025,2
8026,O
8027,O
8028,O
8029,A
8030,n
8031,N
8032,o
8033,e
8034,C
8035,S
8036,M
8037,E
8038,T
8039,a
8040,U
8041,U
8042,D
8043,a
8044,p
8045,V
8046,L
8047,L
8048,S
8049,n
8050,O
8051,A
8052,3
8053,7
8054,H
8055,S
8056,R
8057,I
8058,J
8059,N
8060,q
8061,S
8062,R
8063,S
8064,R
8065,S
8066,O
8067,e
8068,i
8069,N
8070,N
8071,V
8072,I
8073,i
8074,g
8075,a
8076,O
8077,T
8078,R
8079,M
8080,y
8081,E
8082,S
8083,E
8084,N
8085,H
8086,p
8087,m
8088,T
8089,C
8090,R
8091,S
8092,T
8093,E
8094,I
8095,O
8096,r
8097,T
8098,i
8099,A
8100,S
8101,i
8102,I
8103,H
8104,I
8105,A
8106,8
8107,o
8108,L
8109,T
8110,A
8111,O
8112,i
8113,L
8114,E
8115,D
8116,L
8117,A
8118,N
8119,L
8120,A
8121,L
8122,G
8123,n
8124,I
8125,n
8126,O
8127,E
8128,1
8129,T
8130,L
8131,O
8132,T
8133,N
8134,H
8135,R
8136,C
8137,K
8138,t
8139,c
8140,O
8141,r
8142,D
8143,q
8144,T
8145,n
8146,W
8147,9
8148,O
8149,R
8150,C
8151,R
8152,a
8153,A
8154,u
8155,U
8156,T
8157,E
8158,t
8159,o
8160,J
8161,H
8162,S
8163,M
8164,s
8165,2
8166,R
8167,b
8168,O
8169,G
8170,p
8171,E
8172,i
8173,A
8174,S
8175,K
8176,T
8177,R
8178,u
8179,E
8180,I
8181,I
8182,O
8183,O
8184,E
8185,G
8186,R
8187,L
8188,A
8189,H
8190,E
8191,S
8192,i
8193,S
8194,R
8195,M
8196,E
8197,A
8198,S
8199,p
8200,A
8201,N
8202,I
8203,t
8204,i
8205,A
8206,N
8207,D
8208,e
8209,L
8210,E
8211,S
8212,M
8213,A
8214,T
8215,E
8216,N
8217,C
8218,S
8219,N
8220,K
8221,1
8222,R
8223,I
8224,f
8225,V
8226,N
8227,A
8228,E
8229,7
8230,S
8231,9
8232,T
8233,N
8234,E
8235,A
8236,i
8237,B
8238,I
8239,r
8240,a
8241,o
8242,a
8243,I
8244,6
8245,G
8246,I
8247,L
8248,v
8249,a
8250,A
8251,c
8252,M
8253,O
8254,O
8255,6
8256,Y
8257,F
8258,M
8259,M
8260,O
8261,N
8262,O
8263,T
8264,9
8265,a
8266,S
8267,e
8268,N
8269,I
8270,c
8271,E
8272,H
8273,t
8274,O
8275,c
8276,R
8277,e
8278,A
8279,E
8280,U
8281,O
8282,R
8283,A
8284,A
8285,L
8286,S
8287,T
8288,k
8289,O
8290,E
8291,i
8292,R
8293,q
8294,O
8295,T
8296,t
8297,N
8298,R
8299,c
8300,I
8301,O
8302,I
8303,O
8304,N
8305,O
8306,v
8307,O
8308,N
8309,N
8310,c
8311,r
8312,G
8313,S
8314,7
8315,A
8316,a
8317,E
8318,N
8319,H
8320,m
8321,i
8322,T
8323,F
8324,E
8325,N
8326,T
8327,E
8328,X
8329,I
8330,9
8331,A
8332,t
8333,N
8334,t
8335,O
8336,I
8337,A
8338,O
8339,C
8340,H
8341,I
8342,A
8343,A
8344,C
8345,N
8346,S
8347,P
8348,O
8349,e
8350,I
8351,R
8352,O
8353,i
8354,a
8355,V
8356,i
8357,g
8358,O
8359,l
8360,r
8361,T
8362,F
8363,E
8364,O
8365,D
8366,e
8367,O
8368,R
8369,S
8370,E
8371,t
8372,i
8373,n
8374,N
8375,P
8376,L
8377,R
8378,m
8379,N
8380,N
8381,n
8382,F
8383,K
8384,S
8385,a
8386,5
8387,L
8388,B
8389,8
8390,R
8391,l
8392,U
8393,e
8394,N
8395,S
8396,P
8397,s
8398,B
8399,I
8400,A
8401,c
8402,K
8403,t
8404,S
8405,s
8406,N
8407,S
8408,e
8409,E
8410,N
8411,E
8412,E
8413,h
8414,T
8415,O
8416,T
8417,6
8418,l
8419,r
8420,E
8421,N
8422,M
8423,N
8424,N
8425,O
8426,E
8427,I
8428,E
8429,D
8430,O
8431,T
8432,A
8433,H
8434,O
8435,O
8436,A
8437,B
8438,n
8439,A
8440,D
8441,A
8442,H
8443,R
8444,S
8445,t
8446,z
8447,S
8448,I
8449,A
8450,D
8451,l
8452,D
8453,N
8454,J
8455,z
8456,a
8457,H
8458,W
8459,M
8460,E
8461,E
8462,e
8463,E
8464,L
8465,i
8466,v
8467,H
8468,L
8469,F
8470,C
8471,t
8472,C
8473,a
8474,R
8475,p
8476,S
8477,E
8478,T
8479,O
8480,O
8481,O
8482,F
8483,R
8484,c
8485,U
8486,e
8487,t
8488,E
8489,e
8490,a
8491,R
8492,O
8493,R
8494,E
8495,L
8496,S
8497,h
8498,A
8499,y
8500,C
8501,i
8502,a
8503,E
8504,m
8505,E
8506,T
8507,G
8508,M
8509,l
8510,N
8511,H
8512,A
8513,6
8514,E
8515,D
8516,l
8517,I
8518,g
8519,O
8520,N
8521,R
8522,Y
8523,R
8524,L
8525,E
8526,S
8527,r
8528,D
8529,J
8530,Z
8531,P
8532,E
8533,E
8534,F
8535,O
8536,R
8537,2
8538,A
8539,t
8540,E
8541,U
8542,O
8543,I
8544,M
8545,F
8546,Y
8547,L
8548,m
8549,t
8550,S
8551,R
8552,O
8553,O
8554,S
8555,F
8556,S
8557,D
8558,H
8559,2
8560,I
8561,Y
8562,O
8563,S
8564,R
8565,r
8566,I
8567,r
8568,S
8569,I
8570,i
8571,H
8572,S
8573,X
8574,D
8575,g
8576,o
8577,R
8578,k
8579,T
8580,I
8581,K
8582,e
8583,U
8584,H
8585,l
8586,Q
8587,6
8588,I
8589,O
8590,5
8591,I
8592,R
8593,I
8594,E
8595,r
8596,M
8597,2
8598,S
8599,i
8600,N
8601,e
8602,e
8603,J
8604,T
8605,E
8606,A
8607,U
8608,E
8609,I
8610,e
8611,o
8612,a
8613,4
8614,6
8615,Y
8616,h
8617,R
8618,e
8619,d
8620,O
8621,A
8622,e
8623,I
8624,6
8625,E
8626,b
8627,E
8628,M
8629,A
8630,q
8631,h
8632,O
8633,S
8634,N
8635,A
8636,I
8637,C
8638,T
8639,E
8640,v
8641,S
8642,a
8643,e
8644,M
8645,O
8646,O
8647,e
8648,O
8649,O
8650,L
8651,d
8652,R
8653,e
8654,B
8655,s
8656,N
8657,I
8658,B
8659,W
8660,V
8661,i
8662,C
8663,I
8664,V
8665,A
8666,N
8667,E
8668,D
8669,D
8670,S
8671,N
8672,R
8673,T
8674,O
8675,X
8676,0
8677,S
8678,r
8679,9
8680,r
8681,I
8682,A
8683,E
8684,C
8685,C
8686,R
8687,y
8688,A
8689,S
8690,G
8691,S
8692,z
8693,O
8694,i
8695,N
8696,s
8697,O
8698,n
8699,9
8700,U
8701,E
8702,P
8703,E
8704,r
8705,7
8706,S
8707,Y
8708,S
8709,q
8710,V
8711,I
8712,F
8713,t
8714,e
8715,T
8716,S
8717,K
8718,N
8719,R
8720,I
8721,R
8722,a
8723,M
8724,i
8725,j
8726,k
8727,s
8728,M
8729,S
8730,R
8731,D
8732,e
8733,D
8734,R
8735,P
8736,k
8737,A
8738,A
8739,L
8740,N
8741,I
8742,i
8743,r
8744,V
8745,T
8746,R
8747,G
8748,O
8749,D
8750,E
8751,2
8752,P
8753,e
8754,a
8755,m
8756,T
8757,i
8758,R
8759,P
8760,R
8761,O
8762,A
8763,N
8764,O
8765,E
8766,U
8767,E
8768,L
8769,E
8770,e
8771,N
8772,H
8773,S
8774,e
8775,E
8776,a
8777,A
8778,R
8779,O
8780,U
8781,E
8782,O
8783,T
8784,C
8785,A
8786,L
8787,O
8788,C
8789,E
8790,T
8791,C
8792,U
8793,M
8794,a
8795,d
8796,O
8797,T
8798,N
8799,S
8800,d
8801,Z
8802,U
8803,A
8804,a
8805,O
8806,S
8807,T
8808,n
8809,U
8810,E
8811,R
8812,o
8813,O
8814,U
8815,t
8816,n
8817,8
8818,S
8819,e
8820,L
8821,W
8822,A
8823,E
8824,T
8825,O
8826,c
8827,e
8828,C
8829,E
8830,R
8831,t
8832,O
8833,1
8834,6
8835,N
8836,L
8837,P
8838,i
8839,L
8840,e
8841,v
8842,J
8843,k
8844,N
8845,P
8846,E
8847,E
8848,I
8849,A
8850,S
8851,B
8852,D
8853,R
8854,O
8855,I
8856,A
8857,5
8858,B
8859,R
8860,C
8861,D
8862,u
8863,E
8864,G
8865,C
8866,N
8867,O
8868,L
8869,S
8870,i
8871,v
8872,A
8873,R
8874,L
8875,P
8876,F
8877,A
8878,e
8879,i
8880,T
8881,e
8882,G
8883,U
8884,A
8885,D
8886,Y
8887,S
8888,P
8889,N
8890,S
8891,R
8892,O
8893,c
8894,n
8895,q
8896,a
8897,T
8898,R
8899,A
8900,e
8901,e
8902,C
8903,R
8904,O
8905,O
8906,a
8907,D
8908,e
8909,T
8910,l
8911,d
8912,E
8913,E
8914,G
8915,R
8916,E
8917,A
8918,T
8919,Y
8920,O
8921,C
8922,N
8923,T
8924,i
8925,S
8926,O
8927,V
8928,L
8929,Z
8930,R
8931,M
8932,9
8933,L
8934,r
8935,P
8936,I
8937,e
8938,O
8939,N
8940,D
8941,B
8942,S
8943,a
8944,N
8945,I
8946,K
8947,L
8948,I
8949,H
8950,r
8951,S
8952,C
8953,r
8954,e
8955,I
8956,a
8957,N
8958,i
8959,C
8960,P
8961,S
8962,M
8963,a
8964,T
8965,e
8966,T
8967,S
8968,r
8969,W
8970,e
8971,O
8972,d
8973,A
8974,Z
8975,a
8976,e
8977,C
8978,T
8979,n
8980,i
8981,3
8982,W
8983,u
8984,s
8985,a
8986,5
8987,i
8988,N
8989,i
8990,A
8991,A
8992,2
8993,i
8994,E
8995,n
8996,h
8997,O
8998,A
8999,A
9000,e
9001,N
9002,A
9003,D
9004,V
9005,A
9006,H
9007,O
9008,A
9009,n
9010,A
9011,O
9012,P
9013,A
9014,a
9015,t
9016,R
9017,r
9018,i
9019,P
9020,T
9021,T
9022,R
9023,A
9024,E
9025,X
9026,N
9027,U
9028,p
9029,r
9030,D
9031,A
9032,U
9033,i
9034,H
9035,e
9036,U
9037,R
9038,D
9039,N
9040,N
9041,M
9042,E
9043,L
9044,I
9045,J
9046,I
9047,N
9048,T
9049,s
9050,P
9051,Z
9052,2
9053,I
9054,M
9055,A
9056,T
9057,O
9058,2
9059,S
9060,S
9061,D
9062,a
9063,l
9064,T
9065,A
9066,A
9067,T
9068,C
9069,O
9070,E
9071,T
9072,k
9073,O
9074,i
9075,E
9076,a
9077,V
9078,C
9079,A
9080,K
9081,J
9082,T
9083,F
9084,a
9085,E
9086,N
9087,T
9088,T
9089,k
9090,D
9091,J
9092,T
9093,B
9094,E
9095,E
9096,O
9097,A
9098,4
9099,a
9100,e
9101,E
9102,I
9103,e
9104,E
9105,K
9106,K
9107,S
9108,P
9109,D
9110,I
9111,I
9112,M
9113,h
9114,C
9115,S
9116,N
9117,E
9118,v
9119,5
9120,S
9121,E
9122,T
9123,E
9124,R
9125,G
9126,2
9127,R
9128,a
9129,1
9130,D
9131,a
9132,7
9133,A
9134,e
9135,m
9136,L
9137,a
9138,E
9139,D
9140,E
9141,a
9142,E
9143,h
9144,E
9145,O
9146,O
9147,t
9148,B
9149,I
9150,T
9151,a
9152,n
9153,C
9154,O
9155,A
9156,T
9157,U
9158,S
9159,c
9160,7
9161,R
9162,S
9163,A
9164,A
9165,P
9166,E
9167,e
9168,Z
9169,O
9170,e
9171,U
9172,T
9173,N
9174,E
9175,e
9176,A
9177,I
9178,I
9179,D
9180,e
9181,Y
9182,M
9183,n
9184,m
9185,a
9186,X
9187,O
9188,N
9189,2
9190,i
9191,I
9192,N
9193,i
9194,k
9195,O
9196,e
9197,e
9198,N
9199,R
9200,I
9201,E
9202,e
9203,N
9204,P
9205,S
9206,T
9207,O
9208,X
9209,O
9210,4
9211,N
9212,V
9213,e
9214,P
9215,S
9216,e
9217,D
9218,Z
9219,A
9220,M
9221,R
9222,E
9223,h
9224,E
9225,A
9226,r
9227,C
9228,i
9229,8
9230,5
9231,r
9232,t
9233,N
9234,E
9235,R
9236,X
9237,A
9238,L
9239,K
9240,E
9241,K
9242,R
9243,A
9244,A
9245,S
9246,4
9247,J
9248,R
9249,a
9250,a
9251,R
9252,1
9253,F
9254,M
9255,O
9256,E
9257,y
9258,A
9259,H
9260,L
9261,M
9262,v
9263,G
9264,T
9265,c
9266,O
9267,i
9268,O
9269,T
9270,a
9271,V
9272,e
9273,T
9274,N
9275,b
9276,3
9277,E
9278,F
9279,h
9280,C
9281,r
9282,E
9283,U
9284,I
9285,e
9286,n
9287,A
9288,e
9289,a
9290,g
9291,S
9292,N
9293,A
9294,Y
9295,E
9296,h
9297,C
9298,E
9299,7
9300,T
9301,A
9302,M
9303,S
9304,A
9305,D
9306,A
9307,U
9308,3
9309,r
9310,I
9311,1
9312,P
9313,E
9314,d
9315,Z
9316,A
9317,E
9318,A
9319,E
9320,n
9321,R
9322,N
9323,e
9324,S
9325,S
9326,H
9327,5
9328,O
9329,U
9330,R
9331,e
9332,L
9333,N
9334,M
9335,Y
9336,i
9337,F
9338,I
9339,E
9340,N
9341,I
9342,R
9343,H
9344,G
9345,n
9346,A
9347,A
9348,Z
9349,F
9350,T
9351,S
9352,O
9353,E
9354,4
9355,X
9356,4
9357,U
9358,l
9359,q
9360,R
9361,A
9362,O
9363,I
9364,a
9365,R
9366,O
9367,a
9368,O
9369,a
9370,O
9371,A
9372,O
9373,L
9374,7
9375,O
9376,C
9377,E
9378,S
9379,N
9380,5
9381,Z
9382,S
9383,O
9384,l
9385,O
9386,E
9387,K
9388,R
9389,N
9390,m
9391,E
9392,W
9393,e
9394,O
9395,L
9396,2
9397,z
9398,E
9399,2
9400,N
9401,P
9402,e
9403,s
9404,e
9405,O
9406,D
9407,I
9408,S
9409,H
9410,e
9411,A
9412,E
9413,o
9414,A
9415,F
9416,A
9417,B
9418,U
9419,U
9420,S
9421,2
9422,E
9423,h
9424,7
9425,N
9426,G
9427,I
9428,S
9429,E
9430,T
9431,r
9432,G
9433,p
9434,R
9435,E
9436,I
9437,e
9438,n
9439,e
9440,E
9441,S
9442,N
9443,h
9444,L
9445,I
9446,Z
9447,N
9448,R
9449,6
9450,4
9451,C
9452,O
9453,R
9454,O
9455,N
9456,u
9457,G
9458,O
9459,p
9460,R
9461,i
9462,H
9463,i
9464,e
9465,N
9466,A
9467,F
9468,E
9469,e
9470,t
9471,S
9472,o
9473,H
9474,I
9475,A
9476,O
9477,e
9478,A
9479,a
9480,P
9481,O
9482,I
9483,g
9484,t
9485,A
9486,H
9487,N
9488,S
9489,A
9490,X
9491,n
9492,E
9493,N
9494,Y
9495,S
9496,S
9497,E
9498,a
9499,R
9500,e
9501,N
9502,i
9503,r
9504,C
9505,A
9506,7
9507,e
9508,H
9509,X
9510,9
9511,M
9512,a
9513,T
9514,A
9515,3
9516,N
9517,G
9518,I
9519,E
9520,o
9521,D
9522,i
9523,y
9524,A
9525,E
9526,d
9527,R
9528,R
9529,I
9530,c
9531,L
9532,a
9533,I
9534,I
9535,R
9536,H
9537,I
9538,T
9539,I
9540,t
9541,i
9542,T
9543,O
9544,C
9545,G
9546,E
9547,D
9548,e
9549,2
9550,e
9551,R
9552,a
9553,Y
9554,B
9555,S
9556,E
9557,O
9558,S
9559,e
9560,3
9561,O
9562,H
9563,R
9564,e
9565,M
9566,A
9567,l
9568,R
9569,A
9570,y
9571,e
9572,C
9573,Y
9574,N
9575,T
9576,Y
9577,1
9578,S
9579,N
9580,T
9581,E
9582,J
9583,A
9584,R
9585,A
9586,A
9587,U
9588,n
9589,O
9590,t
9591,H
9592,N
9593,A
9594,O
9595,O
9596,S
9597,e
9598,T
9599,N
9600,H
9601,I
9602,E
9603,e
9604,E
9605,2
9606,1
9607,A
9608,C
9609,e
9610,i
9611,T
9612,W
9613,a
9614,r
9615,A
9616,P
9617,U
9618,e
9619,S
9620,o
9621,A
9622,O
9623,D
9624,A
9625,I
9626,E
9627,I
9628,c
9629,A
9630,N
9631,A
9632,p
9633,e
9634,r
9635,A
9636,R
9637,I
9638,A
9639,B
9640,S
9641,r
9642,I
9643,a
9644,O
9645,O
9646,D
9647,E
9648,R
9649,R
9650,I
9651,T
9652,e
9653,t
9654,p
9655,E
9656,A
9657,T
9658,A
9659,B
9660,C
9661,T
9662,e
9663,e
9664,A
9665,T
9666,i
9667,O
9668,Y
9669,l
9670,M
9671,a
9672,e
9673,A
9674,d
9675,t
9676,E
9677,X
9678,t
9679,e
9680,y
9681,R
9682,R
9683,P
9684,I
9685,e
9686,F
9687,S
9688,a
9689,O
9690,M
9691,4
9692,e
9693,G
9694,I
9695,O
9696,M
9697,g
9698,N
9699,1
9700,I
9701,c
9702,A
9703,r
9704,7
9705,I
9706,E
9707,T
9708,i
9709,R
9710,c
9711,Z
9712,O
9713,I
9714,E
9715,F
9716,e
9717,i
9718,Y
9719,a
9720,i
9721,S
9722,U
9723,W
9724,e
9725,T
9726,T
9727,V
9728,A
9729,e
9730,c
9731,t
9732,o
9733,E
9734,a
9735,H
9736,A
9737,a
9738,E
9739,F
9740,h
9741,R
9742,R
9743,n
9744,l
9745,N
9746,S
9747,E
9748,S
9749,1
9750,A
9751,t
9752,O
9753,e
9754,N
9755,X
9756,S
9757,I
9758,n
9759,E
9760,9
9761,l
9762,d
9763,R
9764,R
9765,T
9766,R
9767,A
9768,H
9769,I
9770,i
9771,C
9772,S
9773,t
9774,e
9775,C
9776,e
9777,E
9778,7
9779,t
9780,T
9781,D
9782,A
9783,O
9784,R
9785,A
9786,g
9787,a
9788,I
9789,H
9790,b
9791,N
9792,D
9793,a
9794,W
9795,N
9796,I
9797,r
9798,M
9799,i
9800,2
9801,1
9802,B
9803,8
9804,I
9805,H
9806,A
9807,4
9808,C
9809,A
9810,R
9811,T
9812,e
9813,L
9814,I
9815,S
9816,r
9817,A
9818,i
9819,H
9820,M
9821,o
9822,N
9823,9
9824,o
9825,X
9826,S
9827,N
9828,5
9829,A
9830,S
9831,4
9832,I
9833,a
9834,d
9835,L
9836,O
9837,U
9838,a
9839,E
9840,8
9841,I
9842,R
9843,T
9844,7
9845,S
9846,A
9847,O
9848,R
9849,A
9850,c
9851,O
9852,H
9853,M
9854,B
9855,H
9856,O
9857,v
9858,A
9859,a
9860,T
9861,S
9862,E
9863,w
9864,d
9865,e
9866,R
9867,C
9868,S
9869,a
9870,I
9871,E
9872,A
9873,T
9874,V
9875,T
9876,Y
9877,G
9878,T
9879,z
9880,E
9881,R
9882,A
9883,G
9884,S
9885,e
9886,7
9887,D
9888,O
9889,E
9890,B
9891,A
9892,G
9893,O
9894,H
9895,O
9896,i
9897,I
9898,O
9899,O
9900,A
9901,A
9902,e
9903,N
9904,e
9905,c
9906,T
9907,i
9908,S
9909,W
9910,A
9911,T
9912,X
9913,A
9914,E
9915,R
9916,H
9917,O
9918,D
9919,r
9920,T
9921,S
9922,H
9923,I
9924,D
9925,N
9926,E
9927,X
9928,R
9929,G
9930,E
9931,I
9932,S
9933,O
9934,O
9935,A
9936,A
9937,R
9938,C
9939,n
9940,I
9941,F
9942,I
9943,F
9944,R
9945,N
9946,r
9947,L
9948,9
9949,r
9950,V
9951,R
9952,E
9953,I
9954,A
9955,e
9956,a
9957,I
9958,T
9959,e
9960,E
9961,r
9962,u
9963,S
9964,R
9965,7
9966,A
9967,I
9968,I
9969,R
9970,U
9971,o
9972,N
9973,S
9974,l
9975,k
9976,N
9977,l
9978,T
9979,W
9980,T
9981,L
9982,5
9983,R
9984,a
9985,E
9986,A
9987,L
9988,R
9989,A
9990,I
9991,S
9992,T
9993,X
9994,M
9995,A
9996,a
9997,S
9998,T
9999,n
10000,T
10001,F
10002,i
10003,T
10004,D
10005,l
10006,R
10007,S
10008,r
10009,S
10010,D
10011,I
10012,e
10013,P
10014,k
10015,6
10016,J
10017,2
10018,T
10019,N
10020,K
10021,R
10022,S
10023,E
10024,X
10025,O
10026,O
10027,O
10028,O
10029,H
10030,C
10031,O
10032,e
10033,n
10034,A
10035,N
10036,a
10037,O
10038,c
10039,H
10040,T
10041,U
10042,E
10043,A
10044,A
10045,O
10046,R
10047,R
10048,N
10049,g
10050,c
10051,c
10052,N
10053,E
10054,R
10055,E
10056,D
10057,I
10058,T
10059,e
10060,L
10061,A
10062,P
10063,N
10064,Y
10065,E
10066,I
10067,E
10068,o
10069,U
10070,S
10071,a
10072,O
10073,O
10074,S
10075,L
10076,i
10077,d
10078,P
10079,A
10080,n
10081,X
10082,2
10083,O
10084,O
10085,C
10086,N
10087,N
10088,N
10089,S
10090,T
10091,S
10092,E
10093,O
10094,R
10095,f
10096,2
10097,D
10098,A
10099,A
10100,D
10101,E
10102,O
10103,9
10104,R
10105,U
10106,E
10107,O
10108,A
10109,Y
10110,N
10111,a
10112,W
10113,A
10114,E
10115,e
10116,N
10117,d
10118,D
10119,6
10120,T
10121,S
10122,O
10123,G
10124,C
10125,N
10126,O
10127,S
10128,H
10129,O
10130,E
10131,L
10132,8
10133,e
10134,2
10135,A
10136,F
10137,M
10138,O
10139,A
10140,A
10141,L
10142,R
10143,R
10144,i
10145,I
10146,o
10147,E
10148,L
10149,r
10150,G
10151,H
10152,A
10153,S
10154,t
10155,i
10156,A
10157,N
10158,I
10159,I
10160,M
10161,O
10162,H
10163,D
10164,O
10165,M
10166,E
10167,n
10168,A
10169,E
10170,S
10171,K
10172,R
10173,R
10174,E
10175,t
10176,i
10177,T
10178,P
10179,7
10180,r
10181,O
10182,M
10183,e
10184,S
10185,T
10186,e
10187,I
10188,U
10189,T
10190,Q
10191,k
10192,L
10193,e
10194,T
10195,A
10196,w
10197,T
10198,S
10199,r
10200,2
10201,S
10202,H
10203,N
10204,F
10205,t
10206,A
10207,L
10208,y
10209,T
10210,R
10211,L
10212,V
10213,C
10214,M
10215,5
10216,H
10217,L
10218,B
10219,M
10220,R
10221,a
10222,O
10223,S
10224,A
10225,D
10226,P
10227,v
10228,R
10229,E
10230,O
10231,r
10232,S
10233,X
10234,h
10235,S
10236,X
10237,T
10238,X
10239,4
10240,I
10241,E
10242,O
10243,I
10244,n
10245,5
10246,P
10247,N
10248,e
10249,a
10250,E
10251,A
10252,C
10253,M
10254,6
10255,L
10256,F
10257,S
10258,P
10259,r
10260,A
10261,A
10262,E
10263,S
10264,E
10265,O
10266,O
10267,S
10268,i
10269,O
10270,M
10271,N
10272,A
10273,P
10274,N
10275,r
10276,O
10277,R
10278,L
10279,A
10280,4
10281,O
10282,I
10283,A
10284,A
10285,a
10286,L
10287,B
10288,l
10289,O
10290,O
10291,B
10292,7
10293,r
10294,R
10295,I
10296,V
10297,O
10298,h
10299,u
10300,N
10301,L
10302,c
10303,T
10304,D
10305,5
10306,E
10307,v
10308,l
10309,e
10310,N
10311,N
10312,E
10313,O
10314,e
10315,B
10316,t
10317,S
10318,E
10319,C
10320,r
10321,a
10322,r
10323,r
10324,G
10325,E
10326,I
10327,I
10328,N
10329,O
10330,U
10331,V
10332,a
10333,O
10334,9
10335,7
10336,E
10337,P
10338,B
10339,i
10340,F
10341,T
10342,O
10343,2
10344,a
10345,e
10346,O
10347,R
10348,O
10349,9
10350,n
10351,e
10352,A
10353,O
10354,t
10355,b
10356,A
10357,S
10358,H
10359,C
10360,c
10361,P
10362,I
10363,t
10364,S
10365,B
10366,T
10367,t
10368,A
10369,T
10370,i
10371,A
10372,T
10373,O
10374,R
10375,E
10376,S
10377,u
10378,U
10379,i
10380,T
10381,e
10382,S
10383,T
10384,P
10385,i
10386,5
10387,S
10388,S
10389,S
10390,S
10391,S
10392,a
10393,S
10394,A
10395,N
10396,E
10397,T
10398,o
10399,z
10400,r
10401,D
10402,J
10403,A
10404,e
10405,i
10406,N
10407,P
10408,T
10409,H
10410,O
10411,a
10412,S
10413,T
10414,E
10415,i
10416,N
10417,I
10418,i
10419,I
10420,T
10421,l
10422,R
10423,D
10424,N
10425,I
10426,c
10427,p
10428,A
10429,e
10430,M
10431,c
10432,A
10433,N
10434,a
10435,V
10436,T
10437,A
10438,U
10439,I
10440,p
10441,E
10442,l
10443,a
10444,L
10445,A
10446,I
10447,D
10448,E
10449,1
10450,D
10451,O
10452,R
10453,d
10454,A
10455,C
10456,E
10457,R
10458,H
10459,U
10460,3
10461,R
10462,1
10463,p
10464,a
10465,y
10466,I
10467,O
10468,T
10469,o
10470,e
10471,Z
10472,C
10473,a
10474,e
10475,0
10476,a
10477,Z
10478,T
10479,I
10480,c
10481,D
10482,d
10483,I
10484,O
10485,T
10486,S
10487,H
10488,e
10489,E
10490,D
10491,A
10492,S
10493,O
10494,U
10495,T
10496,e
10497,E
10498,a
10499,T
10500,M
10501,u
10502,c
10503,U
10504,H
10505,S
10506,L
10507,H
10508,K
10509,e
10510,R
10511,P
10512,J
10513,P
10514,U
10515,v
10516,U
10517,i
10518,I
10519,A
10520,N
10521,M
10522,5
10523,d
10524,R
10525,I
10526,H
10527,O
10528,T
10529,M
10530,9
10531,1
10532,T
10533,F
10534,9
10535,O
10536,T
10537,e
10538,i
10539,A
10540,D
10541,E
10542,S
10543,l
10544,A
10545,w
10546,D
10547,5
10548,a
10549,A
10550,N
10551,L
10552,i
10553,E
10554,N
10555,I
10556,I
10557,X
10558,T
10559,L
10560,R
10561,l
10562,D
10563,V
10564,h
10565,E
10566,e
10567,U
10568,R
10569,M
10570,e
10571,n
10572,O
10573,r
10574,I
10575,X
10576,t
10577,p
10578,E
10579,P
10580,I
10581,o
10582,S
10583,A
10584,e
10585,O
10586,g
10587,O
10588,T
10589,n
10590,S
10591,R
10592,D
10593,N
10594,O
10595,A
10596,E
10597,P
10598,t
10599,c
10600,E
10601,S
10602,A
10603,v
10604,9
10605,t
10606,T
10607,G
10608,L
10609,O
10610,d
10611,E
10612,G
10613,Q
10614,T
10615,a
10616,L
10617,3
10618,O
10619,O
10620,L
10621,r
10622,L
10623,3
10624,s
10625,S
10626,S
10627,Z
10628,a
10629,N
10630,X
10631,I
10632,A
10633,r
10634,G
10635,r
10636,P
10637,e
10638,N
10639,S
10640,h
10641,o
10642,H
10643,I
10644,S
10645,T
10646,e
10647,S
10648,T
10649,O
10650,L
10651,I
10652,n
10653,i
10654,u
10655,F
10656,A
10657,9
10658,H
10659,r
10660,R
10661,i
10662,H
10663,L
10664,S
10665,W
10666,C
10667,H
10668,L
10669,A
10670,L
10671,L
10672,I
10673,M
10674,S
10675,S
10676,A
10677,U
10678,I
10679,S
10680,R
10681,r
10682,R
10683,O
10684,1
10685,H
10686,8
10687,a
10688,A
10689,P
10690,O
10691,g
10692,T
10693,L
10694,A
10695,l
10696,M
10697,E
10698,e
10699,P
10700,y
10701,I
10702,A
10703,N
10704,N
10705,Y
10706,I
10707,Y
10708,m
10709,J
10710,e
10711,A
10712,S
10713,t
10714,I
10715,R
10716,d
10717,A
10718,K
10719,T
10720,t
10721,I
10722,B
10723,T
10724,I
10725,T
10726,N
10727,I
10728,A
10729,L
10730,c
10731,i
10732,F
10733,L
10734,N
10735,C
10736,A
10737,o
10738,D
10739,O
10740,G
10741,r
10742,T
10743,o
10744,o
10745,T
10746,W
10747,T
10748,E
10749,C
10750,G
10751,A
10752,H
10753,r
10754,I
10755,R
10756,R
10757,A
10758,N
10759,Y
10760,I
10761,S
10762,4
10763,R
10764,W
10765,C
10766,G
10767,N
10768,R
10769,I
10770,A
10771,A
10772,l
10773,S
10774,9
10775,e
10776,T
10777,I
10778,h
10779,N
10780,E
10781,N
10782,t
10783,R
10784,e
10785,A
10786,R
10787,I
10788,S
10789,r
10790,N
10791,E
10792,m
10793,F
10794,x
10795,I
10796,M
10797,E
10798,M
10799,S
10800,A
10801,5
10802,T
10803,E
10804,t
10805,K
10806,O
10807,Z
10808,T
10809,T
10810,M
10811,y
10812,6
10813,E
10814,L
10815,A
10816,E
10817,e
10818,O
10819,I
10820,r
10821,R
10822,R
10823,S
10824,O
10825,A
10826,s
10827,L
10828,E
10829,R
10830,T
10831,O
10832,O
10833,S
10834,n
10835,G
10836,r
10837,i
10838,2
10839,C
10840,H
10841,H
10842,V
10843,T
10844,a
10845,A
10846,Y
10847,M
10848,I
10849,s
10850,C
10851,E
10852,e
10853,A
10854,m
10855,S
10856,L
10857,O
10858,O
10859,N
10860,E
10861,A
10862,H
10863,Y
10864,O
10865,A
10866,E
10867,E
10868,7
10869,A
10870,I
10871,T
10872,D
10873,G
10874,a
10875,E
10876,S
10877,T
10878,5
10879,n
10880,A
10881,N
10882,a
10883,K
10884,E
10885,5
10886,r
10887,R
10888,P
10889,R
10890,R
10891,T
10892,I
10893,S
10894,N
10895,N
10896,E
10897,O
10898,t
10899,C
10900,1
10901,M
10902,O
10903,i
10904,p
10905,O
10906,B
10907,S
10908,E
10909,r
10910,A
10911,P
10912,I
10913,O
10914,U
10915,T
10916,T
10917,O
10918,I
10919,r
10920,P
10921,K
10922,E
10923,A
10924,I
10925,E
10926,N
10927,L
10928,O
10929,I
10930,A
10931,O
10932,a
10933,E
10934,L
10935,H
10936,A
10937,H
10938,f
10939,T
10940,S
10941,O
10942,R
10943,N
10944,E
10945,O
10946,T
10947,r
10948,T
10949,h
10950,c
10951,l
10952,g
10953,T
10954,a
10955,T
10956,6
10957,A
10958,6
10959,d
10960,O
10961,A
10962,A
10963,S
10964,H
10965,T
10966,S
10967,O
10968,A
10969,N
10970,e
10971,S
10972,e
10973,e
10974,F
10975,N
10976,n
10977,B
10978,L
10979,R
10980,A
10981,T
10982,S
10983,e
10984,T
10985,O
10986,O
10987,H
10988,M
10989,2
10990,E
10991,T
10992,e
10993,E
10994,6
10995,D
10996,d
10997,K
10998,O
10999,9
11000,A
11001,A
11002,A
11003,c
11004,c
11005,9
11006,D
11007,O
11008,I
11009,O
11010,N
11011,T
11012,R
11013,A
11014,R
11015,N
11016,S
11017,N
11018,D
11019,a
11020,S
11021,E
11022,r
11023,T
11024,a
11025,I
11026,S
11027,M
11028,g
11029,O
11030,L
11031,S
11032,T
11033,S
11034,C
11035,e
11036,T
11037,C
11038,i
11039,i
11040,V
11041,a
11042,A
11043,r
11044,H
11045,m
11046,O
11047,S
11048,A
11049,N
11050,O
11051,c
11052,f
11053,A
11054,P
11055,t
11056,G
11057,L
11058,S
11059,A
11060,A
11061,r
11062,d
11063,H
11064,V
11065,J
11066,A
11067,O
11068,D
11069,F
11070,E
11071,C
11072,K
11073,e
11074,E
11075,N
11076,A
11077,G
11078,4
11079,I
11080,A
11081,L
11082,L
11083,N
11084,i
11085,r
11086,t
11087,3
11088,2
11089,d
11090,K
11091,Y
11092,E
11093,N
11094,3
11095,F
11096,G
11097,O
11098,I
11099,X
11100,Y
11101,o
11102,A
11103,G
11104,c
11105,N
11106,e
11107,L
11108,T
11109,e
11110,F
11111,I
11112,E
11113,I
11114,T
11115,n
11116,n
11117,G
11118,S
11119,D
11120,3
11121,P
11122,j
11123,A
11124,E
11125,I
11126,R
11127,r
11128,O
11129,D
11130,9
11131,e
11132,V
11133,T
11134,u
11135,N
11136,P
11137,c
11138,I
11139,A
11140,E
11141,D
11142,l
11143,G
11144,t
11145,H
11146,n
11147,F
11148,H
11149,9
11150,O
11151,N
11152,I
11153,F
11154,V
11155,A
11156,M
11157,E
11158,D
11159,H
11160,c
11161,R
11162,F
11163,S
11164,O
11165,T
11166,A
11167,E
11168,O
11169,A
11170,a
11171,O
11172,E
11173,S
11174,2
11175,e
11176,M
11177,E
11178,W
11179,x
11180,Y
11181,Y
11182,R
11183,9
11184,V
11185,r
11186,O
11187,O
11188,d
11189,A
11190,L
11191,C
11192,I
11193,A
11194,Y
11195,I
11196,B
11197,A
11198,e
11199,v
11200,G
11201,e
11202,S
11203,r
11204,N
11205,J
11206,G
11207,T
11208,N
11209,A
11210,O
11211,N
11212,A
11213,s
11214,i
11215,a
11216,E
11217,N
11218,E
11219,R
11220,J
11221,O
11222,W
11223,E
11224,H
11225,O
11226,S
11227,r
11228,O
11229,O
11230,R
11231,z
11232,9
11233,X
11234,a
11235,E
11236,R
11237,O
11238,O
11239,8
11240,I
11241,T
11242,R
11243,a
11244,I
11245,o
11246,o
11247,k
11248,I
11249,n
11250,R
11251,O
11252,S
11253,K
11254,D
11255,O
11256,P
11257,e
11258,I
11259,E
11260,O
11261,N
11262,A
11263,e
11264,A
11265,u
11266,e
11267,2
11268,O
11269,a
11270,A
11271,C
11272,C
11273,L
11274,E
11275,Y
11276,G
11277,D
11278,R
11279,h
11280,E
11281,R
11282,k
11283,O
11284,T
11285,E
11286,T
11287,J
11288,M
11289,r
11290,1
11291,R
11292,S
11293,O
11294,M
11295,E
11296,T
11297,C
11298,5
11299,L
11300,p
11301,D
11302,N
11303,R
11304,T
11305,I
11306,D
11307,m
11308,T
11309,E
11310,D
11311,P
11312,B
11313,t
11314,6
11315,O
11316,t
11317,C
11318,C
11319,M
11320,E
11321,A
11322,R
11323,I
11324,E
11325,M
11326,l
11327,T
11328,H
11329,O
11330,T
11331,5
11332,A
11333,T
11334,Y
11335,O
11336,T
11337,A
11338,i
11339,g
11340,n
11341,v
11342,L
11343,i
11344,H
11345,A
11346,r
11347,O
11348,E
11349,D
11350,5
11351,O
11352,Y
11353,G
11354,A
11355,y
11356,C
11357,3
11358,C
11359,O
11360,N
11361,T
11362,i
11363,A
11364,z
11365,I
11366,p
11367,A
11368,S
11369,R
11370,L
11371,d
11372,L
11373,l
11374,h
11375,a
11376,W
11377,Y
11378,A
11379,E
11380,O
11381,w
11382,S
11383,e
11384,R
11385,5
11386,I
11387,e
11388,I
11389,H
11390,l
11391,L
11392,D
11393,P
11394,A
11395,I
11396,U
11397,O
11398,R
11399,O
11400,N
11401,T
11402,I
11403,L
11404,I
11405,U
11406,n
11407,I
11408,N
11409,H
11410,A
11411,B
11412,T
11413,U
11414,c
11415,F
11416,S
11417,r
11418,e
11419,J
11420,D
11421,O
11422,S
11423,A
11424,e
11425,I
11426,E
11427,I
11428,N
11429,7
11430,M
11431,R
11432,L
11433,h
11434,O
11435,S
11436,E
11437,E
11438,A
11439,p
11440,O
11441,R
11442,A
11443,A
11444,T
11445,E
11446,W
11447,Z
11448,N
11449,n
11450,E
11451,J
11452,N
11453,E
11454,S
11455,F
11456,Y
11457,J
11458,E
11459,e
11460,R
11461,S
11462,e
11463,B
11464,I
11465,L
11466,I
11467,Q
11468,A
11469,J
11470,7
11471,S
11472,s
11473,T
11474,P
11475,S
11476,S
11477,N
11478,H
11479,C
11480,G
11481,O
11482,I
11483,K
11484,S
11485,i
11486,D
11487,N
11488,R
11489,N
11490,i
11491,1
11492,R
11493,O
11494,E
11495,a
11496,C
11497,f
11498,9
11499,2
11500,O
11501,R
11502,E
11503,S
11504,A
11505,e
11506,J
11507,O
11508,i
11509,O
11510,9
11511,T
11512,i
11513,O
11514,E
11515,D
11516,a
11517,C
11518,H
11519,c
11520,I
11521,R
11522,M
11523,L
11524,O
11525,J
11526,l
11527,Z
11528,O
11529,n
11530,6
11531,A
11532,I
11533,e
11534,A
11535,C
11536,T
11537,d
11538,n
11539,d
11540,v
11541,n
11542,K
11543,R
11544,p
11545,C
11546,z
11547,W
11548,E
11549,O
11550,O
11551,K
11552,i
11553,i
11554,t
11555,I
11556,A
11557,C
11558,R
11559,I
11560,W
11561,R
11562,I
11563,i
11564,l
11565,E
11566,d
11567,A
11568,S
11569,2
11570,N
11571,o
11572,U
11573,r
11574,T
11575,A
11576,O
11577,N
11578,L
11579,S
11580,O
11581,L
11582,O
11583,n
11584,I
11585,t
11586,N
11587,N
11588,O
11589,L
11590,2
11591,E
11592,O
11593,T
11594,O
11595,I
11596,X
11597,M
11598,1
11599,N
11600,L
11601,R
11602,A
11603,d
11604,W
11605,A
11606,O
11607,O
11608,n
11609,S
11610,n
11611,K
11612,E
11613,R
11614,4
11615,r
11616,r
11617,v
11618,A
11619,M
11620,A
11621,e
11622,T
11623,E
11624,R
11625,T
11626,I
11627,d
11628,O
11629,K
11630,T
11631,T
11632,0
11633,S
11634,A
11635,P
11636,O
11637,I
11638,M
11639,S
11640,C
11641,I
11642,r
11643,H
11644,F
11645,T
11646,H
11647,r
11648,I
11649,A
11650,I
11651,t
11652,H
11653,R
11654,o
11655,6
11656,5
11657,G
11658,I
11659,R
11660,o
11661,I
11662,L
11663,E
11664,A
11665,O
11666,S
11667,E
11668,W
11669,2
11670,I
11671,G
11672,V
11673,S
11674,N
11675,N
11676,i
11677,T
11678,A
11679,U
11680,S
11681,T
11682,w
11683,S
11684,2
11685,T
11686,r
11687,V
11688,h
11689,I
11690,C
11691,A
11692,N
11693,A
11694,R
11695,G
11696,b
11697,T
11698,t
11699,M
11700,I
11701,I
11702,X
11703,T
11704,F
11705,A
11706,P
11707,L
11708,D
11709,A
11710,e
11711,C
11712,I
11713,G
11714,8
11715,b
11716,M
11717,I
11718,S
11719,T
11720,p
11721,R
11722,n
11723,A
11724,S
11725,O
11726,M
11727,e
11728,M
11729,D
11730,5
11731,l
11732,3
11733,S
11734,C
11735,A
11736,g
11737,e
11738,H
11739,O
11740,e
11741,E
11742,e
11743,P
11744,a
11745,F
11746,Y
11747,e
11748,A
11749,A
11750,H
11751,D
11752,R
11753,N
11754,E
11755,S
11756,A
11757,r
11758,i
11759,I
11760,3
11761,N
11762,N
11763,M
11764,J
11765,e
11766,a
11767,j
11768,I
11769,O
11770,H
11771,N
11772,D
11773,N
11774,o
11775,k
11776,E
11777,N
11778,G
11779,I
11780,R
11781,S
11782,g
11783,K
11784,X
11785,I
11786,a
11787,R
11788,e
11789,A
11790,a
11791,R
11792,L
11793,v
11794,S
11795,i
11796,t
11797,i
11798,L
11799,r
11800,E
11801,N
11802,E
11803,Y
11804,m
11805,I
11806,t
11807,T
11808,R
11809,K
11810,D
11811,T
11812,R
11813,6
11814,E
11815,T
11816,8
11817,S
11818,y
11819,d
11820,N
11821,N
11822,Y
11823,n
11824,O
11825,I
11826,r
11827,e
11828,l
11829,G
11830,O
11831,t
11832,T
11833,9
11834,e
11835,a
11836,O
11837,w
11838,D
11839,E
11840,E
11841,d
11842,1
11843,H
11844,F
11845,2
11846,T
11847,R
11848,X
11849,X
11850,X
11851,D
11852,g
11853,A
11854,D
11855,V
11856,1
11857,1
11858,4
11859,D
11860,G
11861,n
11862,t
11863,E
11864,F
11865,i
11866,d
11867,A
11868,f
11869,i
11870,I
11871,l
11872,a
11873,A
11874,t
11875,o
11876,a
11877,U
11878,B
11879,O
11880,N
11881,P
11882,I
11883,N
11884,u
11885,L
11886,S
11887,R
11888,T
11889,M
11890,I
11891,h
11892,T
11893,I
11894,e
11895,S
11896,S
11897,D
11898,g
11899,I
11900,C
11901,S
11902,H
11903,t
11904,1
11905,C
11906,H
11907,G
11908,S
11909,F
11910,L
11911,M
11912,R
11913,E
11914,I
11915,C
11916,S
11917,s
11918,L
11919,M
11920,I
11921,P
11922,L
11923,h
11924,e
11925,M
11926,R
11927,O
11928,L
11929,R
11930,A
11931,O
11932,L
11933,U
11934,T
11935,2
11936,O
11937,I
11938,S
11939,W
11940,C
11941,g
11942,N
11943,O
11944,l
11945,S
11946,A
11947,t
11948,H
11949,O
11950,O
11951,U
11952,A
11953,T
11954,6
11955,D
11956,h
11957,G
11958,H
11959,K
11960,e
11961,U
11962,E
11963,E
11964,R
11965,R
11966,E
11967,r
11968,A
11969,I
11970,T
11971,E
11972,R
11973,S
11974,T
11975,O
11976,t
11977,E
11978,I
11979,A
11980,C
11981,P
11982,S
11983,n
11984,H
11985,O
11986,L
11987,H
11988,D
11989,E
11990,O
11991,A
11992,H
11993,K
11994,I
11995,c
11996,k
11997,o
11998,A
11999,a
12000,T
12001,T
12002,t
12003,W
12004,H
12005,P
12006,A
12007,M
12008,A
12009,a
12010,3
12011,e
12012,q
12013,E
12014,7
12015,P
12016,A
12017,R
12018,Q
12019,D
12020,T
12021,i
12022,d
12023,E
12024,S
12025,U
12026,S
12027,H
12028,C
12029,I
12030,e
12031,i
12032,D
12033,i
12034,O
12035,R
12036,B
12037,r
12038,1
12039,E
12040,D
12041,D
12042,E
12043,a
12044,C
12045,M
12046,S
12047,a
12048,R
12049,A
12050,D
12051,e
12052,a
12053,E
12054,E
12055,R
12056,A
12057,H
12058,D
12059,E
12060,a
12061,8
12062,T
12063,K
12064,M
12065,a
12066,e
12067,T
12068,H
12069,i
12070,5
12071,H
12072,C
12073,2
12074,A
12075,a
12076,c
12077,R
12078,X
12079,h
12080,R
12081,E
12082,a
12083,I
12084,S
12085,E
12086,a
12087,X
12088,N
12089,S
12090,4
12091,G
12092,M
12093,I
12094,y
12095,K
12096,L
12097,t
12098,t
12099,R
12100,7
12101,r
12102,e
12103,D
12104,L
12105,I
12106,Y
12107,T
12108,S
12109,u
12110,n
12111,A
12112,N
12113,x
12114,N
12115,0
12116,K
12117,C
12118,n
12119,N
12120,E
12121,Y
12122,L
12123,A
12124,y
12125,T
12126,I
12127,O
12128,S
12129,A
12130,K
12131,O
12132,R
12133,E
12134,E
12135,O
12136,A
12137,U
12138,O
12139,i
12140,C
12141,C
12142,L
12143,S
12144,A
12145,A
12146,H
12147,E
12148,1
12149,E
12150,E
12151,D
12152,E
12153,g
12154,C
12155,r
12156,a
12157,A
12158,h
12159,O
12160,L
12161,L
12162,e
12163,t
12164,C
12165,n
12166,O
12167,O
12168,P
12169,D
12170,5
12171,C
12172,A
12173,R
12174,T
12175,I
12176,S
12177,A
12178,E
12179,O
12180,R
12181,C
12182,G
12183,C
12184,G
12185,B
12186,A
12187,D
12188,I
12189,E
12190,N
12191,U
12192,g
12193,S
12194,E
12195,N
12196,i
12197,O
12198,9
12199,k
12200,W
12201,E
12202,N
12203,S
12204,T
12205,S
12206,A
12207,R
12208,Y
12209,S
12210,i
12211,F
12212,G
12213,W
12214,i
12215,E
12216,9
12217,T
12218,t
12219,H
12220,m
12221,I
12222,n
12223,N
12224,N
12225,F
12226,I
12227,A
12228,t
12229,S
12230,O
12231,2
12232,e
12233,r
12234,C
12235,E
12236,O
12237,o
12238,A
12239,r
12240,P
12241,R
12242,e
12243,T
12244,P
12245,H
12246,R
12247,M
12248,V
12249,d
12250,S
12251,R
12252,c
12253,n
12254,U
12255,l
12256,h
12257,9
12258,I
12259,e
12260,2
12261,O
12262,I
12263,D
12264,1
12265,O
12266,c
12267,B
12268,O
12269,c
12270,a
12271,O
12272,2
12273,a
12274,u
12275,g
12276,a
12277,J
12278,O
12279,O
12280,R
12281,E
12282,h
12283,p
12284,O
12285,T
12286,e
12287,E
12288,U
12289,e
12290,h
12291,S
12292,P
12293,A
12294,N
12295,O
12296,m
12297,R
12298,C
12299,e
12300,I
12301,N
12302,R
12303,O
12304,S
12305,W
12306,A
12307,O
12308,i
12309,r
12310,e
12311,A
12312,M
12313,D
12314,M
12315,q
12316,A
12317,O
12318,O
12319,I
12320,R
12321,G
12322,i
12323,A
12324,R
12325,A
12326,N
12327,r
12328,L
12329,l
12330,r
12331,D
12332,F
12333,F
12334,Y
12335,O
12336,N
12337,e
12338,u
12339,Z
12340,M
12341,R
12342,R
12343,u
12344,E
12345,T
12346,I
12347,O
12348,D
12349,A
12350,a
12351,S
12352,R
12353,E
12354,K
12355,b
12356,E
12357,G
12358,K
12359,I
12360,A
12361,L
12362,T
12363,v
12364,2
12365,P
12366,K
12367,H
12368,E
12369,I
12370,G
12371,O
12372,E
12373,C
12374,N
12375,I
12376,o
12377,M
12378,C
12379,C
12380,9
12381,r
12382,T
12383,O
12384,U
12385,A
12386,C
12387,t
12388,9
12389,U
12390,S
12391,I
12392,L
12393,r
12394,O
12395,J
12396,C
12397,T
12398,E
12399,H
12400,A
12401,E
12402,L
12403,I
12404,D
12405,A
12406,T
12407,E
12408,T
12409,L
12410,N
12411,o
12412,N
12413,N
12414,t
12415,m
12416,i
12417,I
12418,O
12419,7
12420,h
12421,D
12422,I
12423,R
12424,R
12425,J
12426,A
12427,R
12428,E
12429,O
12430,K
12431,N
12432,i
12433,p
12434,i
12435,E
12436,A
12437,a
12438,e
12439,y
12440,R
12441,E
12442,A
12443,W
12444,O
12445,i
12446,h
12447,S
12448,n
12449,c
12450,A
12451,S
12452,A
12453,E
12454,A
12455,C
12456,K
12457,A
12458,X
12459,l
12460,A
12461,S
12462,i
12463,n
12464,y
12465,E
12466,I
12467,d
12468,e
12469,N
12470,C
12471,U
12472,q
12473,C
12474,E
12475,I
12476,y
12477,T
12478,n
12479,W
12480,O
12481,U
12482,A
12483,L
12484,D
12485,m
12486,p
12487,A
12488,m
12489,M
12490,E
12491,S
12492,P
12493,A
12494,m
12495,C
12496,E
12497,I
12498,K
12499,O
12500,o
12501,R
12502,N
12503,M
